{"Generation":155234,"Fitness":39.0,"FullyTrained":true,"Weights":[[[-0.901217461,0.03580926,0.345032364,-0.751291335,-0.733303547,-0.758398533,0.884908736,0.7283244,-0.753151655,-1.0,-0.935967565,-3.64227844E-06,-0.607490063,-0.721838,1.0],[-0.179319635,-0.9000236,0.9586755,-0.9275401,-0.8328269,-0.7758957,9.678465E-05,0.579654932,-0.01155615,-0.6879632,-0.5875006,0.5973303,-0.3841756,1.0,1.0],[-0.09330825,-0.7997575,0.179204687,1.0,-0.4108881,-0.815746844,0.07125552,1.0,0.1653679,-0.663758337,-0.528831661,-0.642964065,0.510510147,-1.0,1.0],[-1.0,0.4233518,-1.0,0.152221248,0.542875,0.0009387485,0.8288776,0.369664043,1.0,-0.504484355,-0.9143006,-0.9472491,-0.0570073463,-0.008998431,1.0],[-0.8351319,-0.2229975,-0.7991797,-0.123426586,-0.6222088,-1.0,-0.677613735,1.0,-0.8574866,-0.3555009,0.660514534,0.174869552,0.008418016,-6.019832E-05,1.0],[1.0,0.9307431,0.548582733,-0.01572206,1.0,-0.8884457,0.5546562,1.0,-1.0,-0.9158326,-0.434953451,-0.788396835,-0.6972202,-0.6323692,1.0],[0.5303666,-0.3421153,-0.7818349,-0.836058438,-0.936225057,1.0,-0.751295567,-0.08600692,0.7271945,-0.7912388,-0.00276055327,-1.0,-0.868540645,0.674771965,1.0],[-0.08990963,-0.0004137506,-0.9324607,-0.8700276,1.0,-0.921644449,0.195784256,-0.00180756266,-0.8547246,-0.399097681,0.143809468,-0.07095374,0.5727182,1.0,1.0]],[[0.00917861052,-0.264702618,1.0,-0.448445469,-0.881089151,-0.6503262,0.163869619,1.0]]]}